Nom du dépôt,Description,URL du dépôt,Date de dernière mise à jour
API_Github,,https://github.com/Ascensian/API_Github,2023-09-28 08:48:54 +0000 UTC
myfirstgoprogram,myfirstgoprogram,https://github.com/Ascensian/myfirstgoprogram,2023-09-25 09:03:08 +0000 UTC
api-react,,https://github.com/Ascensian/api-react,2023-07-20 19:21:49 +0000 UTC
planode,,https://github.com/Ascensian/planode,2023-07-19 22:40:24 +0000 UTC
zoo-api,,https://github.com/Ascensian/zoo-api,2023-07-11 12:54:30 +0000 UTC
marketplace-nft,,https://github.com/Ascensian/marketplace-nft,2023-04-04 10:01:39 +0000 UTC
TP-crypto-et-fonctions-de-hachage,,https://github.com/Ascensian/TP-crypto-et-fonctions-de-hachage,2023-02-09 11:58:01 +0000 UTC
The-Binding-Of-Briatte,,https://github.com/Ascensian/The-Binding-Of-Briatte,2023-01-10 09:06:06 +0000 UTC
full-blockchain-solidity-course-js,"Learn Blockchain, Solidity, and Full Stack Web3 Development with Javascript",https://github.com/Ascensian/full-blockchain-solidity-course-js,2022-06-05 16:21:06 +0000 UTC
afpa_tickets,,https://github.com/Ascensian/afpa_tickets,2022-05-25 08:36:34 +0000 UTC
fil_rouge_SAV_Immobilier,,https://github.com/Ascensian/fil_rouge_SAV_Immobilier,2022-04-22 12:42:11 +0000 UTC
fil-rougeAFPA,BDDrive,https://github.com/Ascensian/fil-rougeAFPA,2022-02-25 14:24:41 +0000 UTC
